,City,Cloudiness,Country,Date,Humidity,Latitude,Longitude,Max Temp,Wind Speed
0,avarua,45,CK,1563103668,68,-21.21,-159.78,69.8,2.24
1,mataura,93,NZ,1563103968,88,-46.19,168.86,42.01,5.99
2,coahuayana,100,MX,1563103968,97,18.62,-100.35,68.62,1.68
3,rikitea,1,PF,1563103968,83,-23.12,-134.97,74.74,10.0
4,richards bay,0,ZA,1563103969,74,-28.77,32.06,72.76,23.29
5,kapaa,90,US,1563103969,83,22.08,-159.32,78.8,16.11
6,klyuchi,0,RU,1563103969,41,52.25,79.17,82.66,18.48
7,bluff,84,AU,1563103969,47,-23.58,149.07,49.0,4.99
8,tigil,12,RU,1563103969,94,57.8,158.67,51.34,14.25
9,naryan-mar,60,RU,1563103969,68,67.67,53.09,61.6,12.24
10,pangai,99,TO,1563103969,77,-19.8,-174.35,72.22,19.93
11,punta arenas,90,CL,1563103970,100,-53.16,-70.91,33.8,11.41
12,key largo,40,US,1563103921,78,25.09,-80.45,84.0,8.05
13,san miguel,20,AR,1563103970,93,-34.54,-58.72,44.6,3.36
14,batagay-alyta,100,RU,1563103970,62,67.8,130.41,55.3,4.74
15,lyubech,99,UA,1563103970,72,51.7,30.66,65.02,4.12
16,fortuna,90,US,1563103970,93,40.6,-124.16,60.01,10.76
17,torbay,90,CA,1563103970,100,47.66,-52.73,53.01,13.87
18,busselton,0,AU,1563103970,51,-33.64,115.35,51.01,11.72
19,ishigaki,20,JP,1563103971,89,24.34,124.16,84.2,5.82
20,atar,0,MR,1563103971,8,20.52,-13.05,109.3,21.81
21,albany,20,US,1563103971,73,42.65,-73.75,75.0,4.7
22,pevek,94,RU,1563103971,94,69.7,170.27,33.88,10.25
23,chuy,100,UY,1563103971,79,-33.69,-53.46,50.08,9.53
24,mabaruma,6,GY,1563103971,88,8.2,-59.78,76.54,1.5
25,cairns,56,AU,1563103902,77,-16.92,145.77,66.2,9.17
26,tasiilaq,90,GL,1563103971,86,65.61,-37.64,41.0,13.87
27,petawawa,75,CA,1563103816,87,45.89,-77.27,61.0,9.17
28,vaini,75,IN,1563103972,83,15.34,74.49,82.4,9.17
29,haines junction,100,CA,1563103972,94,60.75,-137.51,41.44,3.74
30,sitka,17,US,1563103972,89,37.17,-99.65,62.01,7.07
31,east london,0,ZA,1563103972,49,-33.02,27.91,73.4,2.24
32,vila franca do campo,75,PT,1563103972,88,37.72,-25.43,71.6,3.36
33,hermanus,54,ZA,1563103972,76,-34.42,19.24,63.0,7.0
34,tautira,75,PF,1563103972,88,-17.73,-149.15,75.2,6.93
35,honiara,90,SB,1563103973,100,-9.43,159.96,73.4,7.14
36,san ignacio,100,PE,1563103973,99,-5.15,-79.0,58.36,0.85
37,atuona,10,PF,1563103973,76,-9.8,-139.03,80.32,17.34
38,sola,0,TZ,1563103973,27,-3.17,33.8,86.08,10.94
39,port elizabeth,1,US,1563103973,100,39.31,-74.98,79.0,4.7
40,sinjai,76,ID,1563103973,87,-5.12,120.25,65.2,3.94
41,hokitika,55,NZ,1563103973,80,-42.72,170.96,47.02,15.05
42,luangwa,8,MZ,1563103973,37,-15.62,30.4,78.34,8.46
43,saint-philippe,1,CA,1563103974,88,45.36,-73.48,70.0,4.7
44,castro,75,CL,1563103974,93,-42.48,-73.76,42.8,10.29
45,katsuura,75,JP,1563103974,94,33.93,134.5,73.4,4.7
46,kaitangata,87,NZ,1563103974,73,-46.28,169.85,43.0,5.99
47,santiago,99,PH,1563103974,92,16.69,121.54,75.1,1.23
48,bilma,19,NE,1563103974,13,18.69,12.92,103.72,4.74
49,kupang,20,ID,1563103975,69,-10.16,123.6,77.0,17.22
50,upernavik,0,GL,1563103975,79,72.79,-56.15,45.04,4.61
51,hasaki,75,JP,1563103975,94,35.73,140.83,70.0,6.93
52,simao,92,CN,1563103975,89,22.76,100.79,71.32,2.08
53,mount gambier,40,AU,1563103749,76,-37.83,140.78,51.8,19.46
54,souillac,0,FR,1563103975,34,45.6,-0.6,84.0,17.22
55,georgetown,75,GY,1563103975,88,6.8,-58.16,78.8,4.7
56,koulikoro,20,ML,1563103975,69,12.86,-7.56,82.4,10.29
57,mindelo,75,PT,1563103976,83,41.31,-8.72,75.99,5.82
58,mount isa,45,AU,1563103976,28,-20.73,139.49,57.2,14.99
59,yumen,17,CN,1563103976,12,40.29,97.04,87.7,2.95
60,bandarbeyla,82,SO,1563103976,34,9.49,50.81,94.54,32.84
61,sao joao da barra,0,BR,1563103976,72,-21.64,-41.05,68.0,9.17
62,hami,14,CN,1563103976,12,42.84,93.51,93.46,3.91
63,ushuaia,40,AR,1563103681,93,-54.81,-68.31,39.2,2.08
64,paita,53,PE,1563103976,87,-5.09,-81.11,64.3,12.08
65,arraial do cabo,0,BR,1563103977,88,-22.97,-42.02,68.0,3.36
66,leningradskiy,100,RU,1563103977,94,69.38,178.42,35.5,4.56
67,longyearbyen,75,NO,1563103977,65,78.22,15.63,46.4,6.93
68,weyburn,69,CA,1563103977,88,49.67,-103.85,64.0,3.0
69,namatanai,100,PG,1563103977,90,-3.66,152.44,75.64,10.0
70,aktau,40,KZ,1563103977,45,43.65,51.16,82.4,20.13
71,hobart,75,AU,1563103886,75,-42.88,147.33,43.0,13.87
72,turukhansk,73,RU,1563103978,56,65.8,87.96,68.62,9.46
73,shimoda,75,JP,1563103978,100,34.7,138.93,73.4,3.36
74,faanui,0,PF,1563103978,73,-16.48,-151.75,79.06,10.2
75,kodiak,1,US,1563103978,94,39.95,-94.76,71.01,1.01
76,yellowknife,20,CA,1563103978,81,62.45,-114.38,51.8,6.93
77,kavaratti,75,IN,1563103978,83,10.57,72.64,82.4,13.87
78,viedma,86,AR,1563103979,60,-40.81,-62.99,43.78,12.33
79,teknaf,100,BD,1563103979,77,20.86,92.31,85.18,12.24
80,sorland,75,NO,1563103979,71,67.67,12.69,51.8,12.75
81,khani,0,GE,1563103979,51,41.96,42.96,80.6,5.82
82,maldonado,75,UY,1563103979,81,-34.91,-54.96,48.2,8.05
83,balsas,0,BR,1563103905,47,-7.53,-46.04,79.72,12.75
84,katima mulilo,0,NA,1563103980,19,-17.5,24.28,75.2,8.05
85,gat,90,SN,1563103980,66,14.69,-16.54,84.2,5.82
86,fairmont,1,US,1563103821,94,40.64,-97.59,70.0,5.82
87,manaure,75,CO,1563103980,78,11.78,-72.45,80.6,9.17
88,puerto ayora,48,EC,1563103980,84,-0.74,-90.35,67.72,8.19
89,nikolskoye,75,RU,1563103980,52,59.7,30.79,64.4,8.95
90,emerald,80,AU,1563103981,46,-23.53,148.16,50.0,6.93
91,wonthaggi,100,AU,1563103981,94,-38.6,145.59,51.01,15.99
92,pajapan,90,MX,1563103981,88,18.26,-94.69,80.6,1.36
93,nema,53,RU,1563103981,62,57.51,50.5,71.86,1.23
94,constitucion,5,MX,1563103981,100,23.99,-104.67,61.0,3.83
95,esperance,0,AU,1563103981,81,-33.86,121.89,50.0,9.17
96,salinas,90,US,1563103975,93,36.67,-121.66,59.0,4.7
97,calabozo,59,VE,1563103981,93,8.92,-67.43,74.02,8.5
98,cabo san lucas,5,MX,1563103864,77,22.89,-109.91,80.01,1.99
99,cap malheureux,20,MU,1563103982,50,-19.98,57.61,75.2,10.29
100,port blair,75,IN,1563103982,88,11.67,92.75,80.6,11.41
101,bafia,100,CM,1563103982,88,4.74,11.22,75.64,2.3
102,dikson,99,RU,1563103982,82,73.51,80.55,36.58,13.27
103,ilulissat,20,GL,1563103982,66,69.22,-51.1,48.2,5.82
104,athens,40,GR,1563103749,38,37.98,23.73,89.6,8.05
105,black forest,75,AU,1563103982,71,-34.96,138.58,55.4,17.22
106,bathsheba,20,BB,1563103982,66,13.22,-59.52,84.2,18.34
107,pangnirtung,100,CA,1563103983,38,66.15,-65.72,55.66,3.38
108,half moon bay,90,US,1563103983,93,37.46,-122.43,59.0,5.5
109,jamestown,78,AU,1563103983,93,-33.21,138.6,46.66,10.6
110,sembakung,20,ID,1563103983,78,3.82,117.25,82.4,4.7
111,barrow,24,AR,1563103983,70,-38.31,-60.23,42.52,8.7
112,port hardy,75,CA,1563103984,93,50.7,-127.42,53.6,2.24
113,ancud,75,CL,1563103984,93,-41.87,-73.83,42.8,10.29
114,sungaipenuh,55,ID,1563103984,97,-2.08,101.38,75.46,0.58
115,puerto leguizamo,100,CO,1563103984,99,-0.19,-74.78,69.88,2.15
116,cherskiy,95,RU,1563103984,64,68.75,161.3,45.94,17.58
117,bethel,90,US,1563103984,100,60.79,-161.76,59.0,3.36
118,qaanaaq,94,GL,1563103984,61,77.48,-69.36,44.86,12.88
119,tuktoyaktuk,90,CA,1563103985,76,69.44,-133.03,45.4,9.44
120,ewa beach,20,US,1563103985,65,21.32,-158.01,80.6,11.41
121,butaritari,38,KI,1563103985,68,3.07,172.79,83.74,5.7
122,roebourne,0,AU,1563103985,41,-20.77,117.15,65.38,4.03
123,saskylakh,0,RU,1563103985,48,71.97,114.09,53.14,15.48
124,saint-georges,45,CA,1563103836,94,46.12,-70.67,63.0,1.99
125,ginda,90,IN,1563103985,65,30.69,78.49,82.4,5.82
126,ponta do sol,36,BR,1563103985,48,-20.63,-46.0,70.42,1.25
127,ngaoundere,100,CM,1563103986,88,7.32,13.58,70.06,2.95
128,lebu,75,ET,1563103986,68,8.96,38.73,64.4,6.93
129,tessalit,0,ML,1563103986,15,20.2,1.01,103.0,4.45
130,naze,75,NG,1563103986,78,5.43,7.07,82.4,3.36
131,tianpeng,45,CN,1563103986,87,28.88,112.34,77.08,8.03
132,praia da vitoria,40,PT,1563103986,69,38.73,-27.07,75.0,5.68
133,hay river,75,CA,1563103987,93,60.82,-115.79,53.6,4.7
134,iquitos,75,PE,1563103987,319,-3.75,-73.25,42.8,2.24
135,hambantota,20,LK,1563103987,74,6.12,81.12,87.8,13.87
136,dicabisagan,70,PH,1563103987,89,17.08,122.42,76.72,4.97
137,waiuku,73,NZ,1563103987,87,-37.25,174.73,51.01,12.75
138,gusev,0,RU,1563103987,57,54.59,22.2,65.56,7.87
139,thompson,90,CA,1563103987,100,55.74,-97.86,57.2,4.7
140,pilar do sul,1,BR,1563103988,69,-23.81,-47.72,64.3,5.08
141,vila do maio,75,CV,1563103988,61,15.13,-23.22,82.4,18.34
142,bredasdorp,59,ZA,1563103988,45,-34.53,20.04,68.0,17.22
143,port alfred,0,ZA,1563103988,58,-33.59,26.89,75.0,1.01
144,kontagora,18,NG,1563103988,59,10.4,5.47,87.16,6.76
145,kruisfontein,0,ZA,1563103988,49,-34.0,24.73,67.18,10.04
146,cape town,40,ZA,1563103698,67,-33.93,18.42,64.0,11.41
147,asbestovskiy,46,RU,1563103988,41,57.76,61.4,86.08,15.23
148,elk city,1,US,1563103989,93,35.41,-99.4,69.8,6.93
149,severo-kurilsk,0,RU,1563103989,92,50.68,156.12,44.32,10.27
150,general roca,0,AR,1563103989,80,-39.03,-67.58,39.2,2.24
151,new norfolk,75,AU,1563103989,75,-42.78,147.06,43.0,13.87
152,kavieng,100,PG,1563103989,78,-2.57,150.8,81.04,4.43
153,ketchikan,90,US,1563103984,93,55.34,-131.65,60.8,4.7
154,mantua,0,IT,1563103989,44,45.16,10.79,84.0,5.82
155,matara,20,BI,1563103989,54,-3.48,29.48,84.2,8.05
156,mahebourg,20,MU,1563103990,50,-20.41,57.7,75.2,10.29
157,karakol,61,KG,1563103990,53,42.49,78.39,72.04,2.44
158,vega de alatorre,90,MX,1563103990,76,20.03,-96.65,70.78,4.18
159,tiksi,0,RU,1563103990,64,71.64,128.87,43.06,2.8
160,porto walter,62,BR,1563103990,94,-8.27,-72.74,70.24,1.28
161,marystown,90,CA,1563103936,80,47.17,-55.16,60.34,16.15
162,tuatapere,76,NZ,1563103990,88,-46.13,167.69,42.01,5.99
163,kawalu,25,ID,1563103990,95,-7.38,108.21,65.56,3.62
164,ende,13,ID,1563103991,73,-8.84,121.65,77.8,10.09
165,kailua,75,US,1563103991,83,21.39,-157.74,80.6,8.05
166,hilo,90,US,1563103991,69,19.71,-155.08,73.99,4.7
167,mackenzie,1,CA,1563103991,100,55.34,-123.09,44.6,3.36
168,hithadhoo,38,MV,1563103991,78,-0.6,73.08,83.74,12.86
169,hofn,75,IS,1563103991,87,64.25,-15.21,55.4,8.05
170,basco,1,US,1563103991,88,40.33,-91.2,75.99,3.31
171,pisco,90,PE,1563103991,82,-13.71,-76.2,61.0,3.36
172,belmonte,0,PT,1563103992,41,40.36,-7.35,81.0,4.29
173,ahipara,38,NZ,1563103992,67,-35.17,173.16,58.9,27.36
174,nouadhibou,10,MR,1563103992,73,20.93,-17.03,73.4,19.46
175,lumby,75,CA,1563103992,59,50.25,-118.97,64.4,3.36
176,tiznit,0,MA,1563103992,89,29.7,-9.73,68.44,11.34
177,cabedelo,75,BR,1563103992,100,-6.97,-34.84,75.2,6.93
178,moroni,20,GR,1563103992,58,35.09,24.92,86.0,18.34
179,binga,0,ZW,1563103993,22,-17.62,27.34,74.92,9.33
180,victor harbor,75,AU,1563103993,71,-35.55,138.62,55.4,17.22
181,iranshahr,20,IR,1563103993,19,27.21,60.69,109.4,16.11
182,beringovskiy,26,RU,1563103993,94,63.05,179.32,53.68,2.64
183,samsun,75,TR,1563103993,57,41.29,36.33,77.0,9.17
184,oranjemund,0,ZA,1563103993,88,-28.55,16.43,55.12,9.35
185,oussouye,75,SN,1563103993,88,12.49,-16.54,86.0,6.93
186,lumeje,0,AO,1563103993,16,-11.56,20.78,84.46,6.76
187,the valley,40,AI,1563103994,69,18.22,-63.06,82.99,13.87
188,inuvik,75,CA,1563103994,62,68.36,-133.71,57.2,3.36
189,gunjur,40,GM,1563103994,70,13.18,-16.76,87.8,4.7
190,saint george,40,GR,1563103994,42,39.45,22.34,82.4,5.82
191,rianxo,75,ES,1563103994,73,42.65,-8.82,84.0,5.82
192,darab,36,IR,1563103994,13,28.75,54.55,92.92,12.26
193,broken hill,90,AU,1563103994,62,-31.97,141.45,51.8,17.22
194,bambous virieux,20,MU,1563103995,50,-20.34,57.76,75.2,10.29
195,khasan,31,RU,1563103995,97,42.43,130.64,59.62,4.32
196,la roda,0,ES,1563103995,39,39.21,-2.16,81.0,17.22
197,laizhou,0,CN,1563103995,74,37.18,119.93,78.52,15.97
198,iqaluit,20,CA,1563103995,93,63.75,-68.52,41.0,6.93
199,bay roberts,90,CA,1563103995,100,47.58,-53.28,53.01,13.87
200,nome,90,US,1563103995,94,30.04,-94.42,79.0,4.7
201,irati,83,BR,1563103996,74,-25.47,-50.65,61.78,2.91
202,havre-saint-pierre,90,CA,1563103996,100,50.23,-63.6,55.4,9.17
203,shihezi,11,CN,1563103996,13,44.3,86.03,96.34,13.22
204,wenling,100,CN,1563103996,95,28.38,121.38,75.99,2.62
205,tecoanapa,90,MX,1563103996,94,16.99,-99.26,75.2,4.7
206,vostok,58,RU,1563103997,86,46.45,135.83,60.52,3.38
207,bacolod,100,PH,1563103997,85,10.68,122.95,78.88,10.49
208,tabuk,98,PH,1563103997,97,17.41,121.44,65.92,1.34
209,jonuta,100,MX,1563103997,86,18.08,-92.13,75.82,4.74
210,ribeira grande,20,PT,1563103997,69,38.52,-28.7,73.4,9.17
211,dukat,4,AL,1563103997,79,40.25,19.57,75.99,3.0
212,pathein,100,MM,1563103934,84,16.78,94.73,79.78,9.1
213,siocon,100,PH,1563103997,88,11.03,124.04,76.0,7.09
214,guaruja,0,BR,1563103998,93,-23.99,-46.26,60.8,2.24
215,chokurdakh,100,RU,1563103998,87,70.62,147.9,45.76,4.14
216,khatanga,0,RU,1563103998,41,71.98,102.47,63.4,8.16
217,gemena,100,CD,1563103998,86,3.25,19.78,77.44,2.64
218,mfou,95,CM,1563103998,86,3.72,11.64,76.0,0.58
219,hamilton,20,CA,1563103934,82,43.26,-79.87,69.01,5.82
220,yulara,0,AU,1563103998,40,-25.24,130.99,53.6,10.29
221,sur,69,OM,1563103998,24,22.57,59.53,104.44,15.26
222,monduli,75,TZ,1563103999,72,-3.3,36.45,68.0,5.82
223,stephenville,20,CA,1563103999,72,48.55,-58.59,64.0,3.36
224,ghanzi,0,BW,1563103999,10,-21.7,21.65,76.72,7.14
225,port lincoln,100,AU,1563103999,72,-34.72,135.86,56.56,23.2
226,gimli,73,CA,1563103999,86,50.63,-96.99,69.01,7.43
227,siderno,40,IT,1563103999,78,38.28,16.3,86.0,9.17
228,ponta delgada,75,PT,1563103999,88,37.73,-25.67,71.6,3.36
229,grande riviere du nord,20,HT,1563104000,78,19.58,-72.18,75.2,4.7
230,kintinku,20,TZ,1563104000,41,-5.89,35.22,78.8,17.22
231,isangel,88,VU,1563104000,78,-19.55,169.27,74.92,11.18
232,talnakh,0,RU,1563104000,63,69.49,88.39,66.2,6.71
233,grafton,0,AU,1563104000,75,-29.69,152.93,41.0,2.24
234,lishui,100,CN,1563104000,98,28.45,119.91,69.52,2.01
235,wamba,36,CD,1563104000,50,2.14,27.99,85.72,4.03
236,galle,99,GN,1563104000,79,10.08,-12.83,79.42,2.68
237,waddan,0,LY,1563104001,13,29.16,16.14,102.1,6.53
238,saldanha,0,PT,1563104001,40,41.42,-6.55,84.28,4.99
239,palatka,87,RU,1563104001,78,60.1,150.94,56.02,5.3
240,maceio,75,BR,1563103843,88,-9.67,-35.74,73.4,4.7
241,salalah,96,OM,1563104001,84,17.01,54.1,79.24,13.98
242,zaranj,0,AF,1563104001,8,30.95,61.86,114.8,16.11
243,ca mau,89,VN,1563103734,79,9.18,105.15,81.34,5.75
244,cachoeira do sul,100,BR,1563104001,93,-30.05,-52.89,54.04,4.05
245,vestmannaeyjar,90,IS,1563104002,100,63.44,-20.27,51.8,20.8
246,bakchar,15,RU,1563104002,41,57.02,82.07,79.24,8.14
247,provideniya,75,RU,1563104002,86,64.42,-173.23,52.6,5.79
248,blatnica,40,BA,1563104002,64,44.49,17.82,71.6,11.41
249,salamiyah,0,SY,1563104002,23,35.01,37.05,91.3,20.6
250,maracacume,100,BR,1563104002,84,-2.04,-45.96,78.16,5.53
251,lorengau,60,PG,1563104002,83,-2.02,147.27,79.42,6.76
252,banda aceh,100,ID,1563104003,72,5.56,95.32,83.02,12.48
253,magadan,38,RU,1563104003,83,59.56,150.8,51.16,6.69
254,airai,35,TL,1563104003,62,-8.93,125.41,69.16,6.35
255,mana,24,NG,1563104003,38,13.03,5.27,93.64,10.09
256,norman wells,75,CA,1563103962,71,65.28,-126.83,53.6,6.93
257,luderitz,0,NA,1563104003,55,-26.65,15.16,64.4,11.41
258,verkhnevilyuysk,59,RU,1563104003,73,63.45,120.31,70.24,5.59
259,indramayu,34,ID,1563104003,95,-4.05,103.78,69.52,1.54
260,turinsk,0,RU,1563104004,48,58.04,63.7,85.0,12.95
261,husavik,83,CA,1563104004,86,50.56,-96.99,69.01,1.45
262,san cristobal,33,HN,1563104004,97,14.68,-86.92,63.04,2.71
263,dingle,100,PH,1563104004,92,11.0,122.67,74.56,4.47
264,conceicao do araguaia,0,BR,1563104004,41,-8.26,-49.26,83.56,0.85
265,necochea,0,AR,1563104004,92,-38.55,-58.74,35.01,3.0
266,beihai,40,CN,1563104004,69,38.95,121.19,78.8,2.24
267,xining,100,CN,1563104005,76,36.62,101.77,53.68,1.28
268,lompoc,90,US,1563103926,100,34.64,-120.46,59.0,1.68
269,roma,20,IT,1563104005,35,41.89,12.48,86.0,4.7
270,solnechnyy,99,RU,1563104005,82,50.72,136.64,64.48,2.08
271,maroantsetra,94,MG,1563104005,75,-15.43,49.74,65.92,9.04
272,skjervoy,84,NO,1563104005,70,70.03,20.97,48.1,4.05
273,yanaul,99,RU,1563104005,71,56.27,54.93,67.9,6.96
274,mar del plata,79,AR,1563104005,77,-46.43,-67.52,37.66,5.5
275,henties bay,0,NA,1563104005,97,-22.12,14.28,55.0,4.0
276,krabi,20,TH,1563104006,62,8.06,98.92,87.8,11.41
277,tura,87,RU,1563104006,58,64.27,100.22,71.5,6.69
278,belomorsk,98,RU,1563104006,81,64.52,34.76,55.84,6.73
279,kirovsk,100,RU,1563104006,82,67.62,33.66,44.32,4.27
280,nuneaton,75,GB,1563103859,68,52.52,-1.47,68.0,4.7
281,ziro,100,IN,1563104006,99,27.54,93.82,61.06,2.13
282,am timan,84,TD,1563104006,61,11.04,20.28,87.34,6.26
283,carnarvon,0,ZA,1563104006,14,-30.97,22.13,69.16,20.4
284,tynda,99,RU,1563104007,87,55.15,124.74,61.78,1.39
285,kompaniyivka,64,UA,1563104007,44,48.25,32.21,74.92,5.39
286,rezekne,50,LV,1563104007,65,56.5,27.32,64.84,6.62
287,los llanos de aridane,75,ES,1563104007,61,28.66,-17.92,78.8,12.75
288,khartoum,0,SD,1563103935,34,15.59,32.54,93.2,23.04
289,san antonio,0,CL,1563104007,100,-33.58,-71.61,39.2,2.24
290,misratah,0,LY,1563104007,46,32.38,15.09,90.4,10.09
291,manokwari,90,ID,1563104007,83,-0.87,134.08,73.3,3.36
292,chiang rai,40,TH,1563104008,62,19.9,99.84,89.6,6.93
293,codrington,0,AU,1563104008,80,-28.95,153.24,51.01,5.82
294,cayenne,75,GF,1563104008,94,4.94,-52.33,75.2,2.53
295,high level,75,CA,1563104008,93,58.52,-117.13,51.8,3.36
296,jalu,0,LY,1563104008,15,29.03,21.55,100.12,13.11
297,cockburn town,5,TC,1563104008,75,21.46,-71.14,81.76,16.75
298,muli,100,CN,1563104008,83,28.08,109.56,71.32,0.27
299,tazovskiy,100,RU,1563104009,71,67.47,78.7,51.7,18.57
300,chanthaburi,40,TH,1563104009,70,12.61,102.11,88.0,8.05
301,aykhal,40,RU,1563104009,46,65.95,111.51,69.8,6.71
302,katherine,29,AU,1563104009,42,-14.47,132.26,64.4,5.82
303,khokhlovo,0,RU,1563104009,46,50.71,36.69,71.6,2.24
304,corinto,75,CO,1563104010,94,3.17,-76.26,68.0,2.24
305,gizo,0,IL,1563104010,48,31.8,34.94,90.0,11.41
306,kahului,1,US,1563104010,69,20.89,-156.47,77.0,11.41
307,beira,40,ES,1563104010,73,43.2,-8.36,78.01,6.93
308,camacari,20,BR,1563104010,69,-12.7,-38.32,78.8,6.93
309,bud,75,NO,1563104010,62,62.91,6.91,57.2,6.93
310,prado,99,CO,1563104010,82,3.75,-74.93,73.3,5.95
311,biskamzha,22,RU,1563104011,51,53.45,89.53,70.24,8.5
312,ambilobe,20,MG,1563104011,39,-13.19,49.05,85.54,12.82
313,noumea,90,NC,1563104011,82,-22.28,166.46,68.0,19.69
314,kiama,75,AU,1563104011,62,-34.67,150.86,54.0,25.28
315,jiexiu,80,CN,1563104011,45,37.02,111.92,76.72,8.72
316,vallenar,15,CL,1563104011,67,-28.58,-70.76,43.6,1.66
317,dnipryany,40,UA,1563104011,31,46.75,33.27,78.8,6.71
318,camacha,75,PT,1563104011,94,33.08,-16.33,78.8,12.75
319,lagoa,0,PT,1563104012,78,37.14,-8.45,86.0,12.75
320,victoria,75,BN,1563103930,83,5.28,115.24,78.8,2.24
321,eslamshahr,0,IR,1563104012,11,35.55,51.23,105.8,4.7
322,chumikan,76,RU,1563104012,98,54.72,135.31,48.82,2.84
323,chanderi,100,IN,1563104012,44,24.7,78.12,92.92,14.2
324,tadine,31,NC,1563104012,81,-21.55,167.88,72.22,10.78
325,champasak,100,LA,1563104012,85,14.89,105.88,78.88,7.05
326,kamaishi,75,JP,1563104012,88,39.28,141.86,69.8,2.24
327,hovd,75,NO,1563104013,62,63.83,10.7,55.99,10.29
328,bilibino,77,RU,1563104013,71,68.06,166.44,59.08,7.47
329,san jose,1,HN,1563103780,83,14.25,-87.96,69.8,3.36
330,saint-augustin,40,CA,1563104013,100,45.63,-73.98,70.0,6.69
331,nishihara,90,JP,1563104013,94,35.74,139.53,73.99,3.36
332,hualmay,100,PE,1563104013,81,-11.1,-77.61,62.32,10.16
333,hinton,64,CA,1563104013,87,53.4,-117.57,46.12,3.53
334,hailar,29,CN,1563104014,56,49.2,119.7,72.4,5.19
335,poum,0,MK,1563104014,61,41.28,20.71,66.28,5.01
336,alexandria,100,RO,1563104014,58,43.97,25.33,73.0,4.79
337,berlevag,99,NO,1563104014,84,70.86,29.09,43.96,9.22
338,kalmar,0,SE,1563104014,24,56.66,16.36,75.0,12.75
339,luanda,45,AO,1563104014,78,-8.83,13.24,75.2,6.93
340,nampula,75,MZ,1563104014,57,-15.12,39.26,77.0,10.29
341,raudeberg,20,NO,1563104014,62,61.99,5.14,59.0,20.8
342,rosarito,75,CO,1563104015,94,4.91,-75.23,69.8,4.7
343,guia de isora,20,ES,1563104015,78,28.21,-16.78,75.99,3.36
344,itarema,12,BR,1563104015,66,-2.92,-39.92,81.4,9.26
345,shingu,75,JP,1563104015,94,33.72,135.99,75.2,3.36
346,krynychky,20,UA,1563104015,34,48.37,34.46,80.6,6.71
347,flinders,75,AU,1563104015,62,-34.58,150.85,54.0,25.28
348,merauke,92,ID,1563104015,83,-8.49,140.4,78.16,25.93
349,grindavik,75,IS,1563104015,87,63.84,-22.43,57.2,9.17
350,pombia,20,GR,1563104016,58,35.01,24.87,86.0,18.34
351,manowa,88,SL,1563104016,89,8.17,-10.75,76.72,1.81
352,lanzhou,40,CN,1563104016,93,36.06,103.82,60.8,2.24
353,marsa matruh,20,EG,1563103728,66,31.35,27.25,84.2,12.75
354,lebedinyy,85,RU,1563104016,86,58.52,125.52,62.14,4.07
355,lukow,20,PL,1563103793,97,51.93,22.38,80.01,11.05
356,santa vitoria do palmar,46,BR,1563104016,85,-33.52,-53.37,48.1,5.28
357,luwuk,96,ID,1563104016,97,-0.95,122.79,60.88,6.35
358,sinnamary,0,GF,1563104017,84,5.38,-52.96,77.8,6.11
359,araure,40,VE,1563104017,88,9.59,-69.23,71.6,9.17
360,shakhovskaya,62,RU,1563104017,53,56.03,35.51,66.28,5.75
361,kautokeino,100,NO,1563104017,63,69.01,23.04,49.36,9.66
362,whitley bay,75,GB,1563104017,77,55.04,-1.44,66.0,6.93
363,dunedin,100,NZ,1563103880,69,-45.87,170.5,46.0,20.0
364,dharchula,66,IN,1563104017,90,29.85,80.53,58.0,3.38
365,roros,44,NO,1563104018,71,62.57,11.38,51.8,14.99
366,troitsko-pechorsk,100,RU,1563104018,87,62.71,56.19,63.94,5.75
367,togur,0,RU,1563104018,44,58.36,82.83,78.52,8.77
368,deoria,75,IN,1563103835,75,26.5,83.79,91.4,8.05
369,acajutla,1,SV,1563104018,72,13.59,-89.83,82.12,7.05
370,joshimath,54,IN,1563104018,77,30.57,79.57,61.42,3.76
371,fuente de oro,99,CO,1563104018,94,3.46,-73.62,64.12,2.28
372,artyom,59,RU,1563104018,88,43.36,132.19,66.2,4.47
373,vao,81,EE,1563104019,48,59.1,26.19,61.24,7.11
374,severodvinsk,40,RU,1563104019,55,64.56,39.82,64.4,4.47
375,klaksvik,93,FO,1563104019,93,62.23,-6.59,51.8,6.93
376,houlton,40,US,1563104019,88,46.13,-67.84,66.2,6.93
377,hoquiam,1,US,1563103976,93,46.98,-123.89,62.01,1.59
378,camabatela,2,AO,1563104019,29,-8.19,15.37,90.76,4.94
379,sterling,75,US,1563104019,88,39.0,-77.4,78.01,5.79
380,mildura,90,AU,1563104019,71,-34.18,142.16,53.6,10.29
381,palma,90,BR,1563104020,100,-29.73,-53.58,53.6,8.05
382,leh,100,IN,1563104020,41,34.16,77.58,49.9,6.02
383,capao bonito,0,BR,1563104020,75,-24.01,-48.35,63.58,2.73
384,madingou,13,CG,1563104020,43,-4.17,13.56,89.32,4.54
385,casino,0,AU,1563104020,57,-28.86,153.05,51.01,9.17
386,marzuq,74,YE,1563104020,14,14.4,46.47,95.44,9.13
387,kaseda,75,JP,1563104021,94,31.42,130.32,77.0,5.82
388,aguimes,20,ES,1563104021,65,27.91,-15.45,78.8,31.09
389,san patricio,99,PY,1563104021,96,-26.98,-56.83,66.1,3.76
390,gloucester,40,GB,1563103804,72,51.87,-2.25,73.99,8.05
391,chalmette,90,US,1563103807,100,29.94,-89.96,82.4,10.29
392,khelyulya,53,RU,1563104021,46,61.73,30.68,64.0,4.0
393,nyurba,53,RU,1563104021,83,63.29,118.35,69.88,2.44
394,meulaboh,100,ID,1563104021,67,4.14,96.13,83.02,1.92
395,shache,29,CN,1563104021,8,38.42,77.24,99.4,17.6
396,vardo,1,US,1563104022,61,39.62,-77.74,78.01,6.93
397,hosakote,78,IN,1563104022,63,16.06,75.46,82.12,18.66
398,makakilo city,20,US,1563104022,65,21.35,-158.09,80.6,11.41
399,maniitsoq,0,GL,1563104022,77,65.42,-52.9,46.84,7.23
400,toguchin,0,RU,1563104022,70,55.24,84.4,75.82,7.27
401,san andres,100,PH,1563104022,92,13.32,122.68,77.62,5.14
402,ulaangom,50,MN,1563104023,36,49.98,92.07,75.82,2.89
403,egvekinot,81,RU,1563104023,76,66.32,-179.17,58.0,7.7
404,leiva,75,CO,1563104023,93,1.94,-77.3,59.0,4.7
405,sena madureira,0,BR,1563104023,86,-9.07,-68.66,72.22,0.85
406,chicama,90,PE,1563104023,88,-7.84,-79.15,62.6,4.7
407,oga,40,IT,1563104023,33,46.46,10.35,64.0,4.7
408,kathu,0,ZA,1563103845,25,-27.7,23.05,72.0,17.43
409,taoudenni,0,ML,1563104023,18,22.68,-3.98,109.12,12.24
410,kendallville,40,US,1563104024,88,41.44,-85.27,72.0,4.97
411,smolenka,7,PL,1563104024,65,54.15,22.76,65.02,8.48
412,sinop,98,TR,1563104024,67,42.03,35.15,73.48,23.82
413,los algarrobos,90,EC,1563104024,94,-3.25,-79.94,71.6,0.51
414,lasa,20,CY,1563104024,58,34.92,32.53,84.2,11.41
415,soissons,90,FR,1563104024,59,49.38,3.32,70.0,11.41
416,rio grande,0,BR,1563103732,93,-32.03,-52.1,48.2,6.93
417,orlik,0,PL,1563104024,39,53.95,17.74,73.99,9.17
418,yelabuga,20,RU,1563104025,53,55.76,52.06,73.4,15.66
419,pierre,20,US,1563104025,88,44.37,-100.35,72.0,3.36
420,geraldton,75,CA,1563104025,93,49.72,-86.95,53.6,3.36
421,liwale,51,TZ,1563104025,48,-9.8,37.92,74.74,6.46
422,bria,70,CF,1563104025,68,6.54,21.99,81.04,8.01
423,teguise,40,ES,1563104025,69,29.06,-13.56,77.0,21.92
424,coquimbo,0,CL,1563104025,78,-29.95,-71.34,41.0,8.05
425,mayo,75,CA,1563104026,87,63.59,-135.9,50.0,4.7
426,alofi,41,NU,1563104026,68,-19.06,-169.92,71.6,8.05
427,alice springs,0,AU,1563103860,45,-23.7,133.88,46.4,6.93
428,veraval,90,FR,1563104026,72,49.65,0.71,70.0,12.75
429,slave lake,75,CA,1563104026,93,55.28,-114.77,51.8,3.36
430,larsnes,75,NO,1563104026,76,62.2,5.58,59.0,6.93
431,sao filipe,31,CV,1563104026,86,14.9,-24.5,74.02,13.11
432,mackay,95,CA,1563104027,100,53.65,-115.58,50.0,4.7
433,requena,20,ES,1563104027,51,39.49,-1.1,88.0,9.17
434,touros,0,BR,1563104027,88,-5.2,-35.46,77.0,9.17
435,kasempa,0,ZM,1563104027,18,-13.46,25.83,84.28,4.38
436,shitanjing,99,CN,1563104027,29,39.23,106.34,81.0,9.01
437,port hedland,0,AU,1563104027,30,-20.31,118.58,69.8,6.93
438,barinas,100,VE,1563104027,94,8.64,-70.23,70.24,2.82
439,escanaba,1,US,1563104027,93,45.75,-87.06,53.01,3.36
440,sabang,100,PH,1563104028,96,13.8,121.11,74.38,1.23
441,ambon,20,FR,1563104028,53,47.55,-2.56,78.01,13.87
442,bodh gaya,40,IN,1563104028,56,24.7,84.98,93.2,9.17
443,hinundayan,100,PH,1563104028,97,10.35,125.25,71.32,2.37
444,toora-khem,94,RU,1563104028,89,52.47,96.11,63.76,6.76
445,fonte boa,38,BR,1563104028,86,-2.51,-66.09,75.82,3.74
446,savage,40,US,1563104028,69,44.78,-93.34,73.4,4.7
447,kloulklubed,90,PW,1563104029,78,7.04,134.26,80.6,18.34
448,qaqortoq,40,GL,1563103953,50,60.72,-46.03,55.4,2.24
449,piopio,78,CL,1563104029,93,-42.79,-73.57,42.8,8.05
450,huarmey,100,PE,1563104029,86,-10.07,-78.15,62.86,11.01
451,tigre,20,AR,1563104029,93,-34.42,-58.58,44.6,3.36
452,williams lake,75,CA,1563104029,87,52.13,-122.14,53.6,2.24
453,laguna,40,BZ,1563104029,100,16.17,-88.94,75.2,1.81
454,cleves,75,US,1563103943,82,39.16,-84.75,71.01,3.36
455,fayaoue,6,NC,1563104029,63,-20.65,166.53,73.12,2.66
456,matay,0,EG,1563104030,11,28.42,30.79,99.4,11.36
457,bauru,0,BR,1563104030,72,-22.32,-49.07,64.4,8.05
458,chabahar,44,IR,1563104030,66,25.29,60.65,89.6,16.11
459,kolondieba,5,ML,1563104030,52,11.09,-6.89,87.7,4.61
460,yankton,1,US,1563104030,88,42.87,-97.4,73.4,8.12
461,osmena,100,PH,1563104030,77,12.17,124.59,81.22,10.8
462,waingapu,6,ID,1563103777,73,-9.65,120.26,69.27,10.98
463,kalmunai,100,LK,1563104031,59,7.42,81.82,88.06,8.9
464,nehe,66,CN,1563104032,85,48.48,124.88,68.98,4.45
465,lensk,88,RU,1563104032,80,60.71,114.91,64.48,1.48
466,huadian,55,CN,1563104032,84,42.97,126.75,66.64,2.35
467,peniche,40,PT,1563104032,69,39.36,-9.38,75.2,5.82
468,castrillon,40,ES,1563104032,88,43.4,-6.79,75.0,6.93
469,balkanabat,0,TM,1563104032,40,39.51,54.36,92.02,20.36
470,port hawkesbury,90,CA,1563104032,100,45.62,-61.36,60.01,5.82
471,pingliang,99,CN,1563104033,53,35.54,106.68,67.0,6.08
472,beloha,0,MG,1563104033,55,-25.17,45.06,74.56,16.4
473,takehara,75,JP,1563104033,88,34.35,132.9,73.99,4.7
474,griffith,90,AU,1563104033,87,-34.29,146.06,50.0,17.22
475,malatya,20,TR,1563104033,20,38.35,38.32,86.0,5.82
476,la ronge,40,CA,1563104033,100,55.1,-105.3,51.8,4.7
477,lima,90,PE,1563104033,87,-12.06,-77.04,60.8,2.24
478,san carlos de bariloche,75,AR,1563104034,86,-41.13,-71.31,37.4,16.11
479,oshikango,0,NA,1563104034,13,-17.39,15.89,86.0,13.87
480,lunenburg,62,CA,1563104034,98,44.38,-64.32,66.0,4.56
481,hannibal,1,US,1563104034,100,39.71,-91.36,71.6,2.08
482,tilichiki,82,RU,1563104034,80,60.47,166.1,53.86,6.58
483,lekoni,94,GA,1563104034,46,-1.58,14.26,88.24,2.82
484,aswan,0,EG,1563104035,13,24.09,32.9,107.6,6.93
485,karaton,20,ID,1563104035,65,-6.34,106.1,82.4,9.17
486,mirnyy,67,RU,1563104035,58,56.57,36.46,66.46,6.22
487,taltal,94,CL,1563104035,68,-25.41,-70.49,50.62,2.51
488,mahibadhoo,80,MV,1563104035,67,3.78,72.97,84.28,3.89
489,saeby,0,DK,1563104035,73,57.33,10.52,70.0,1.99
490,sioux lookout,75,CA,1563104035,77,50.1,-91.92,66.2,6.93
491,manggar,69,ID,1563104035,83,-2.88,108.27,75.82,4.74
492,kedrovyy,40,RU,1563104036,64,56.17,91.82,75.2,2.24
493,coihaique,90,CL,1563104036,93,-45.58,-72.07,35.6,2.82
494,cidreira,100,BR,1563104036,89,-30.17,-50.22,55.66,7.0
495,daye,34,CN,1563104036,85,30.1,114.98,77.8,5.19
496,quimperle,75,FR,1563104036,50,47.87,-3.55,78.01,13.87
497,nanortalik,5,GL,1563104036,89,60.14,-45.24,40.54,4.09
498,clyde river,75,CA,1563104036,87,70.47,-68.59,46.4,12.75
499,keetmanshoop,0,NA,1563104037,9,-26.57,18.15,82.4,2.24
500,vanavara,100,RU,1563104037,64,60.35,102.28,71.86,6.4
501,vryburg,0,ZA,1563104037,14,-26.96,24.73,72.76,12.21
502,sendhwa,100,IN,1563104037,53,21.69,75.09,89.5,19.08
503,sechura,91,PE,1563104037,85,-5.56,-80.82,64.12,9.98
504,jinchang,20,CN,1563104037,45,38.52,102.19,68.8,10.49
505,mogok,98,MM,1563104037,89,22.92,96.51,72.76,3.44
506,baker city,1,US,1563103792,62,44.77,-117.83,62.6,4.7
507,tateyama,75,JP,1563104038,94,36.66,137.31,71.6,4.7
508,musoma,40,TZ,1563104038,51,-1.5,33.81,82.4,10.22
509,magadi,40,IN,1563104038,51,12.96,77.22,86.0,5.82
510,bireun,95,ID,1563104038,96,5.2,96.7,70.06,0.74
511,selizharovo,93,RU,1563104038,77,56.86,33.45,61.42,3.78
512,mazamari,19,PE,1563104038,85,-11.33,-74.53,36.4,0.92
513,labuhan,42,ID,1563104038,83,-2.54,115.51,73.48,3.22
514,hohhot,20,CN,1563104039,39,40.81,111.65,84.2,4.47
515,darnah,0,LY,1563104039,82,32.77,22.64,79.6,25.14
516,kangaatsiaq,21,GL,1563104039,90,68.31,-53.46,42.7,10.76
517,chunskiy,100,RU,1563104039,95,56.08,99.63,59.8,6.11
518,nioro,99,GM,1563104039,50,13.79,-15.05,89.5,7.52
519,xichang,100,CN,1563104039,89,27.88,102.25,59.62,1.88
520,partizanskoye,42,RU,1563104040,50,53.35,78.35,84.1,14.14
521,tongliao,93,CN,1563104040,48,43.61,122.27,77.08,5.53
522,luzhou,100,CN,1563104040,75,28.89,105.45,78.34,1.34
523,zhigansk,100,RU,1563104040,59,66.77,123.37,65.38,9.69
524,goldsboro,1,US,1563104040,100,35.38,-77.99,75.2,5.82
525,carutapera,100,BR,1563104040,80,-1.2,-46.02,80.32,8.63
526,jaca,20,ES,1563104040,93,42.57,-0.55,72.0,3.36
527,champerico,75,MX,1563104041,94,16.38,-93.6,69.8,2.55
528,cururupu,95,BR,1563104041,90,-1.82,-44.87,77.8,6.08
529,caravelas,4,BR,1563104041,73,-17.73,-39.27,73.66,5.53
